{
    "episodes": [
        {
            "episode_id": "0", 
            "scene_id": "mp3d/1LXtFkjw3qL/1LXtFkjw3qL.glb", 
            "start_position": [-5.73303, 0.08441, 6.67048], 
            "start_rotation": [0, 0.92732, 0, -0.37428], 
            "info": {
                "geodesic_distance": 24.10707, 
                "euclidean_distance": 4.77366, 
                "closest_goal_object_id": 6, 
                "navigation_bounds": [[-7.62605, -3.11559, -4.36096], [4.15602, 10.20153, 17.4473]], 
                "best_viewpoint_position": [-2.51318, 3.48441, 5.88465]}, 
                "goals": [], 
                "start_room": null, 
                "shortest_paths": [[3, 3, 3, 1, 3, 1, 2, 2, 2, 1, 2, 1, 2, 1, 1, 2, 1, 1, 1, 1, 2, 1, 2, 1, 1, 2, 2, 1, 3, 1, 1, 1, 1, 1, 1, 1, 1, 1, 3, 1, 1, 1, 1, 1, 1, 1, 1, 1, 1, 1, 1, 1, 1, 1, 3, 1, 1, 1, 1, 1, 1, 1, 3, 1, 1, 1, 1, 1, 1, 3, 1, 1, 1, 1, 1, 1, 1, 1, 1, 2, 2, 1, 3, 3, 3, 1, 1, 1, 3, 1, 1, 1, 1, 1, 3, 3, 1, 3, 1, 2, 2, 1, 1, 1, 2, 1, 1, 1, 1, 1, 1, 1, 3, 1, 1, 1, 1, 1, 1, 3, 1, 1, 3, 1, 1, 1, 1, 1, 1, 1, 1, 1, 3, 1, 1, 1, 1, 1, 2, null]], 
            "object_category": "tv_monitor"
        }
    ]
}